{"cameraMode":{"drawMode":0,"name":"Shaded","section":"Shading Mode"},"sceneLighting":false,"audioPlay":false,"sceneViewState":{"m_AlwaysRefresh":false,"showFog":true,"showSkybox":true,"showFlares":true,"showImageEffects":true,"showParticleSystems":true,"showVisualEffectGraphs":true,"m_FxEnabled":true},"in2DMode":false,"pivot":{"x":272.47906494140627,"y":47.36418151855469,"z":136.5111846923828},"rotation":{"x":0.11393299698829651,"y":-0.8063229322433472,"z":0.16504007577896119,"w":0.5565997958183289},"size":10.449999809265137,"orthographic":false}